{
    "Washington": 3.765868794400791,
    "Michigan": 3.482740606325205,
    "Texas": 3.4299178868205136,
    "Alabama": 3.27041357488972,
    "Florida State": 3.055829891950928,
    "Georgia": 2.9582351465664676,
    "Ohio State": 2.888966500195996,
    "Oregon": 2.818756651556385,
    "Oklahoma": 2.553771323171786,
    "James Madison": 2.5067978149000862,
    "Penn State": 2.465761404202114,
    "Ole Miss": 2.3083006879490813,
    "Louisville": 2.183429807502219,
    "Iowa": 2.163590003184444,
    "Missouri": 2.150469420068212,
    "LSU": 2.052867571181007,
    "Troy": 1.9428041245405467,
    "Liberty": 1.8732132348464992,
    "NC State": 1.8690183095307045,
    "Notre Dame": 1.810799361755315,
    "Arizona": 1.8073806209462486,
    "Oklahoma State": 1.7127792393209562,
    "Toledo": 1.6650258598477299,
    "Kansas State": 1.6624740819025037,
    "Oregon State": 1.655925823463877,
    "Tulane": 1.6361845860429893,
    "Clemson": 1.5940115083025321,
    "Utah": 1.5760338257551478,
    "SMU": 1.5526654063174818,
    "Miami (OH)": 1.5103145980819026,
    "Kansas": 1.4857026206032937,
    "North Carolina": 1.4199983143498733,
    "USC": 1.3926683994124973,
    "Boise State": 1.313164609642846,
    "Wyoming": 1.3073884856486806,
    "Tennessee": 1.3039224164031753,
    "Miami": 1.2802894801075513,
    "Memphis": 1.2786226385434316,
    "UNLV": 1.2297029845555334,
    "Iowa State": 1.219333944252145,
    "Duke": 1.1965801282940676,
    "West Virginia": 1.1540430699480397,
    "San José State": 1.0772755052304044,
    "UCLA": 1.0738269151556543,
    "Air Force": 1.0699064009799137,
    "Wisconsin": 1.0611446683398764,
    "Northwestern": 1.0568236831188274,
    "Appalachian State": 1.0324780404151939,
    "Coastal Carolina": 1.0200045760244905,
    "Fresno State": 1.011134464572759,
    "New Mexico State": 0.9878453957730166,
    "California": 0.9457145551097287,
    "Texas A&M": 0.9259563567588285,
    "Georgia Tech": 0.9182825316449486,
    "Maryland": 0.910342175073821,
    "Kentucky": 0.8953757810542535,
    "Virginia Tech": 0.857144268822119,
    "Texas Tech": 0.8570736310250515,
    "Ohio": 0.8336781053871759,
    "Rutgers": 0.7989769817615812,
    "UT San Antonio": 0.7650355573842217,
    "Old Dominion": 0.7370834996963346,
    "Minnesota": 0.7348492567746264,
    "Marshall": 0.7152638971075143,
    "Auburn": 0.695655041988224,
    "Illinois": 0.6913725188583557,
    "UCF": 0.6750166418088558,
    "Georgia State": 0.6719383320560015,
    "Washington State": 0.6656316550697459,
    "Jacksonville State": 0.6602645737227204,
    "Bowling Green": 0.6462600364022385,
    "Syracuse": 0.6412560848122513,
    "Boston College": 0.6379069325881097,
    "South Alabama": 0.6344617133677212,
    "Texas State": 0.6108463544642037,
    "Nebraska": 0.60841902087859,
    "TCU": 0.6010893399927595,
    "Utah State": 0.5948024506866746,
    "Sacramento State": 0.587609861506876,
    "South Carolina": 0.5791190939370611,
    "Western Kentucky": 0.5667713288201681,
    "Georgia Southern": 0.5640603315860346,
    "Purdue": 0.5585274884162459,
    "Southern Illinois": 0.5581070348536759,
    "Arkansas State": 0.5406854534279654,
    "Colorado": 0.5159460956720391,
    "Florida": 0.5084347193892086,
    "Mississippi State": 0.49741100052177023,
    "BYU": 0.4736248976576763,
    "Stanford": 0.44110958957498025,
    "Louisiana": 0.41421565594372806,
    "Michigan State": 0.39479161797167295,
    "Colorado State": 0.3898680162206146,
    "Houston": 0.37931928084329974,
    "Hawai'i": 0.3746794908772884,
    "San Diego State": 0.35907880713845264,
    "Army": 0.3588099720588326,
    "Virginia": 0.3574976922150935,
    "Northern Illinois": 0.3557019543371826,
    "Arizona State": 0.35171113710818147,
    "Wake Forest": 0.3498624169798065,
    "Navy": 0.34583195916918924,
    "Rice": 0.34099730034169284,
    "South Florida": 0.33324539647785584,
    "New Mexico": 0.30829798998875724,
    "Idaho": 0.285821392323281,
    "Pittsburgh": 0.2613720185157749,
    "Western Michigan": 0.2397304111679672,
    "Fordham": 0.22742737510531555,
    "Central Michigan": 0.2251308201358515,
    "North Texas": 0.22436952005072053,
    "Arkansas": 0.22286003189690476,
    "Baylor": 0.21818870345189112,
    "Cincinnati": 0.19993036084699592,
    "UAB": 0.19491425211448304,
    "Eastern Michigan": 0.18516815369549167,
    "UMass": 0.17974921577488584,
    "Ball State": 0.1723524794047372,
    "Southern Mississippi": 0.16915418745023034,
    "Nevada": 0.16291974592267988,
    "Middle Tennessee": 0.1577598345411449,
    "Florida Atlantic": 0.15594272507055582,
    "Indiana": 0.15414721607067852,
    "Connecticut": 0.14926058402789613,
    "Tulsa": 0.13329954039085193,
    "Florida International": 0.12067141182572247,
    "Vanderbilt": 0.10883495870807279,
    "UTEP": 0.09569761047120139,
    "Sam Houston State": 0.08717792698479072,
    "Charlotte": 0.08647665836937306,
    "Buffalo": 0.08599545402997638,
    "Louisiana Tech": 0.08511552776452179,
    "Louisiana Monroe": 0.08055610906138512,
    "Temple": 0.06476068445787979,
    "East Carolina": 0.0500543663958859,
    "Kent State": 0,
    "St Francis (PA)": 0,
    "Elon": 0,
    "Rhode Island": 0,
    "South Dakota": 0,
    "Arkansas-Pine Bluff": 0,
    "North Carolina A&T": 0,
    "Southern Utah": 0,
    "Howard": 0,
    "Missouri State": 0,
    "Robert Morris": 0,
    "Akron": 0,
    "Long Island University": 0,
    "Northern Iowa": 0,
    "Mercer": 0,
    "East Tennessee State": 0,
    "Portland State": 0,
    "Towson": 0,
    "Tennessee State": 0,
    "Wofford": 0,
    "Gardner-Webb": 0,
    "Eastern Kentucky": 0,
    "Colgate": 0,
    "Southeastern Louisiana": 0,
    "Bryant": 0,
    "Western Carolina": 0,
    "UT Martin": 0,
    "Monmouth": 0,
    "South Carolina State": 0,
    "Albany": 0,
    "Bucknell": 0,
    "The Citadel": 0,
    "Maine": 0,
    "Central Arkansas": 0,
    "Stephen F. Austin": 0,
    "Alabama A&M": 0,
    "Alcorn State": 0,
    "Bethune-Cookman": 0,
    "Southeast Missouri State": 0,
    "Northwestern State": 0,
    "Incarnate Word": 0,
    "Western Illinois": 0,
    "Northern Arizona": 0,
    "Idaho State": 0,
    "Murray State": 0,
    "Indiana State": 0,
    "Holy Cross": 0,
    "Delaware": 0,
    "Youngstown State": 0,
    "Delaware State": 0,
    "New Hampshire": 0,
    "Eastern Illinois": 0,
    "Charleston Southern": 0,
    "Texas Southern": 0,
    "Wagner": 0,
    "Richmond": 0,
    "Cal Poly": 0,
    "Austin Peay": 0,
    "Duquesne": 0,
    "Lafayette": 0,
    "Morgan State": 0,
    "Houston Christian": 0,
    "Florida A&M": 0,
    "McNeese": 0,
    "Furman": 0,
    "Grambling": 0,
    "Nicholls": 0,
    "Lamar": 0,
    "Tennessee Tech": 0,
    "Eastern Washington": 0,
    "UC Davis": 0,
    "Central Connecticut": 0,
    "North Dakota": 0,
    "Norfolk State": 0,
    "VMI": 0,
    "Weber State": 0,
    "Northern Colorado": 0,
    "North Carolina Central": 0,
    "Villanova": 0,
    "Prairie View": 0,
    "Tarleton State": 0,
    "Stony Brook": 0,
    "Samford": 0,
    "Jackson State": 0,
    "Texas A&M-Commerce": 0,
    "Utah Tech": 0,
    "Abilene Christian": 0,
    "William & Mary": 0,
    "Campbell": 0,
    "Kennesaw State": 0,
    "Merrimack": 0,
    "Chattanooga": 0,
    "Sacred Heart": 0,
    "North Alabama": 0
}